id,nombre,precio,ingredientes
0,Pequeña,10.504236,0;Lechuga;10.504236
1,Pequeña,2.0779016,1;Lechuga;2.0779016
2,Mediana,28.413162,2;Lechuga;8.904451|3;Cebolla;7.3424497|4;Tomate;3.3148403|5;Lechuga;6.660574|6;Cebolla;2.1908479
3,Pequeña,4.163431,7;Lechuga;4.163431
4,Mediana,32.6997,8;Lechuga;7.459676|9;Lechuga;3.3517237|10;Cebolla;8.714659|11;Lechuga;5.1330304|12;Tomate;8.040612
5,Grande,30.05106,13;Tomate;7.6573067|14;Lechuga;10.932155|15;Lechuga;8.961908|16;Lechuga;2.4996896
6,Mediana,23.59206,17;Cebolla;8.290444|18;Tomate;6.6246|19;Tomate;6.6815114|20;Tomate;1.9955051
