id,nombre,precio,ingredientes
0,Grande,19.96275,0;Lechuga;7.8755026|1;Lechuga;4.555249|2;Tomate;7.5319977
1,Pequeña,18.71297,3;Lechuga;9.530056|4;Tomate;9.182914
2,Mediana,9.478725,5;Tomate;2.638269|6;Lechuga;6.8404565
3,Pequeña,8.928523,7;Tomate;2.3861184|8;Lechuga;4.451248|9;Cebolla;2.0911565
4,Pequeña,12.452505,10;Tomate;1.1714725|11;Cebolla;7.818097|12;Tomate;3.462936
5,Grande,10.7129965,13;Tomate;10.7129965
6,Grande,44.408062,14;Lechuga;3.4652247|15;Lechuga;10.78212|16;Cebolla;10.13595|17;Lechuga;9.848732|18;Cebolla;10.176037
