id,nombre,precio,ingredientes
0,Grande,12.706881,0;Lechuga;2.6397142|1;Tomate;9.169565|2;Cebolla;0.8976013
1,Peque単a,3.2471244,3;Lechuga;3.2471244
2,Peque単a,14.977138,4;Tomate;4.263525|5;Tomate;0.9272083|6;Cebolla;9.046139|7;Lechuga;0.740266
3,Mediana,27.442211,8;Cebolla;5.3029394|9;Tomate;5.5969563|10;Lechuga;7.715607|11;Cebolla;4.3220243|12;Cebolla;4.504685
4,Mediana,11.516701,13;Tomate;7.5789843|14;Cebolla;3.9377165
5,Mediana,16.641079,15;Lechuga;10.681155|16;Tomate;5.9599233
6,Peque単a,10.972876,17;Lechuga;10.972876
7,Peque単a,10.502472,18;Cebolla;2.3491473|19;Tomate;5.545294|20;Lechuga;2.6080306
